symbol,entrez_id,average_score,combined_score,num_screens_hit
CRTC3,64784,156.044,0.5674327272727273,1
WRN,7486,130.36033333333333,1.4221127272727274,3
TIMM17A,10440,102.289,0.74392,2
GART,2618,98.04962499999999,2.852352727272727,8
TRIM8,81603,90.84,0.33032727272727275,1
TTC9C,283237,90.096,0.3276218181818182,1
BCAS4,55653,69.008,0.2509381818181818,1
CTNNB1,1499,56.367333333333335,0.6149163636363637,3
HABP2,3026,54.952,0.19982545454545453,1
HOXC13,3229,54.7865,0.3984472727272727,2
INO80C,125476,53.795,0.19561818181818183,1
NBPF15,284565,53.531499999999994,0.38931999999999994,2
TPK1,27010,53.150999999999996,0.38655272727272727,2
MPV17L2,84769,53.073283333335,0.38598751515152724,2
GAL3ST3,89792,52.634,0.19139636363636364,1
OMP,4975,52.142,0.18960727272727274,1
GOLGA6L1,283767,51.7315,0.3762290909090909,2
PARG,8505,51.3775,0.37365454545454546,2
NPIPB6,728741,51.158500000000004,0.3720618181818182,2
ZPBP2,124626,50.536,0.18376727272727272,1
NPIPB5,100132247,49.977500000000006,0.36347272727272734,2
BLMH,642,47.289,0.17196,1
RIPOR3,140876,46.895,0.17052727272727275,1
SLC35C1,55343,46.7995,0.34036,2
WIF1,11197,46.389,0.16868727272727274,1
SLF2,55719,45.405,0.3302181818181818,2
SEC23B,10483,45.167,0.16424363636363637,1
SLC16A13,201232,45.02,0.16370909090909092,1
ERBB2,2064,44.793,0.16288363636363637,1
PRPS2,5634,43.862,0.15949818181818182,1
IKZF3,22806,43.735,0.15903636363636364,1
EXO1,9156,42.352000000000004,0.3080145454545455,2
CCNF,899,41.726,0.4551927272727273,3
SPATA2,9825,41.681,0.15156727272727272,1
ARFGAP2,84364,40.767,0.14824363636363638,1
FH,2271,40.526625,1.1789563636363638,8
SLC7A1,6541,40.256074536839996,0.29277145117701814,2
ALDH18A1,5832,40.047166666666,0.7281303030302909,5
CREBZF,58487,39.958,0.14530181818181817,1
SLC15A3,51296,39.727,0.14446181818181816,1
GTPBP6,8225,39.709,0.2887927272727273,2
TRERF1,55809,39.497,0.14362545454545456,1
PCBP4,57060,39.305,0.14292727272727274,1
GLCE,26035,39.148,0.14235636363636364,1
GALR3,8484,39.093,0.14215636363636364,1
RBM38,55544,39.03,0.14192727272727274,1
ZFPL1,7542,38.529,0.14010545454545456,1
CARHSP1,23589,38.3505,0.27891272727272726,2
EPG5,57724,38.321,0.1393490909090909,1
UBIAD1,29914,37.567,0.13660727272727272,1
KMT2C,58508,37.452,0.1361890909090909,1
ATP6V1B1,525,37.445,0.13616363636363638,1
SRA1,10011,36.541,0.13287636363636363,1
OGFR,11054,36.388600000000004,0.2646443636363637,2
UQCC1,55245,35.9875,0.2617272727272727,2
EXD1,161829,35.971,0.13080363636363634,1
POU5F1,5460,34.96,0.25425454545454546,2
PRSS35,167681,34.588,0.12577454545454544,1
RBPJL,11317,34.495,0.12543636363636362,1
GOLGA6D,653643,33.8995,0.2465418181818182,2
AGAP4,119016,33.3165,0.24230181818181817,2
CAT,847,33.301,0.12109454545454545,1
MTF2,22823,33.029,0.12010545454545456,1
PIGU,128869,32.99666666666666,0.3599636363636364,3
DAZAP2,9802,32.839,0.11941454545454545,1
IKZF4,64375,32.811,0.11931272727272728,1
LINS1,55180,32.671,0.11880363636363636,1
KRT26,353288,32.363,0.11768363636363637,1
LRRC26,389816,32.236,0.11722181818181818,1
SLC25A51,92014,32.175,0.23399999999999999,2
PTP4A1,7803,32.023,0.11644727272727273,1
FBXO28,23219,31.9,0.11599999999999999,1
MIF,4282,31.66,0.11512727272727273,1
FUBP3,8939,31.434,0.11430545454545454,1
PDZD11,51248,30.59,0.11123636363636363,1
FAM58A,92002,30.1035,0.21893454545454547,2
NMNAT1,64802,29.8578916666575,0.43429660606047277,4
REM1,28954,29.799,0.10836,1
AKIP1,56672,29.248,0.10635636363636364,1
FAM25A,643161,29.238500000000002,0.21264363636363637,2
RFX5,5993,28.948,0.10526545454545455,1
SLC25A25,114789,28.824,0.10481454545454547,1
FAIM,55179,28.781,0.10465818181818182,1
C10orf107,219621,28.338,0.10304727272727274,1
IER5L,389792,27.89,0.10141818181818182,1
RARA,5914,27.852,0.10128,1
NPIPB9,100507607,27.771,0.2019709090909091,2
EMG1,10436,27.767,0.20194181818181817,2
CRYBB1,1414,27.261,0.09913090909090909,1
HMGB3,3149,27.167,0.19757818181818182,2
GOLGA6L10,647042,27.0215,0.19652,2
GOLGA6L6,727832,26.9775,0.19619999999999999,2
PHGR1,644844,26.906,0.09784,1
CTAGE8,100142659,26.857,0.19532363636363637,2
ARAP1,116985,26.855,0.09765454545454545,1
GOLGA6L9,440295,26.771,0.19469818181818183,2
FOXD4L3,286380,26.7245,0.19436,2
DHRSX,207063,26.711,0.09713090909090909,1
SUSD2,56241,26.706,0.09711272727272727,1
MACROD1,28992,26.516000000000002,0.19284363636363638,2
RPEL1,729020,26.439999999999998,0.19229090909090907,2
OPRL1,4987,26.4185,0.19213454545454547,2
WIPF2,147179,26.416,0.09605818181818182,1
LIPT2,387787,26.27691111111167,0.5733144242424365,6
ACADVL,37,25.82,0.0938909090909091,1
TTC37,9652,25.5825,0.18605454545454544,2
CELF1,10658,25.308333333333334,0.2760909090909091,3
INSL6,11172,25.26,0.09185454545454547,1
TTC33,23548,25.112,0.09131636363636363,1
OR5D18,219438,25.065,0.09114545454545454,1
CLIC1,1192,24.892000000000003,0.1810327272727273,2
TIAL1,7073,24.881,0.09047636363636363,1
INPP5K,51763,24.873,0.09044727272727274,1
FABP5,2171,24.7455,0.17996727272727273,2
UCHL3,7347,24.671,0.08971272727272726,1
PORCN,64840,24.59,0.08941818181818181,1
SPAG7,9552,24.538,0.08922909090909091,1
HNRNPUL2,221092,24.278,0.08828363636363636,1
ANKRD60,140731,24.266,0.08824,1
ZBTB24,9841,24.251,0.08818545454545455,1
C22orf15,150248,24.205,0.08801818181818181,1
WDR54,84058,23.898,0.08690181818181818,1
ATP2B1,490,23.882,0.17368727272727275,2
KLF6,1316,23.86,0.08676363636363636,1
CDC42BPG,55561,23.847,0.08671636363636365,1
CDH12,1010,23.825,0.08663636363636364,1
RAPGEFL1,51195,23.814,0.17319272727272728,2
DUSP26,78986,23.77,0.08643636363636363,1
DDR1,780,23.704,0.17239272727272728,2
RAMP2,10266,23.639,0.08596,1
GATA1,2623,23.555555555566666,0.2569696969698182,3
CDH16,1014,23.417,0.08515272727272728,1
JUNB,3726,23.3802,0.4250945454545454,5
ARHGAP40,343578,23.34,0.08487272727272727,1
CREBBP,1387,23.267866666674998,0.33844169696981813,4
MYO9B,4650,23.26,0.08458181818181819,1
LAMB2,3913,23.103,0.0840109090909091,1
XBP1,7494,23.026,0.16746181818181818,2
MYOM3,127294,23.01,0.08367272727272727,1
SHCBP1L,81626,22.984,0.08357818181818183,1
TMEM203,94107,22.9175,0.16667272727272728,2
C3orf35,339883,22.896,0.08325818181818181,1
RALGAPB,57148,22.883,0.08321090909090909,1
DLL4,54567,22.643,0.08233818181818182,1
GGNBP2,79893,22.545,0.08198181818181818,1
CWF19L1,55280,22.508666666666667,0.24554909090909094,3
STK32C,282974,22.462,0.08168,1
ADIPOR1,51094,22.42,0.08152727272727274,1
NOA1,84273,22.248399999999997,0.40451636363636356,5
UNC93B1,81622,22.234,0.0808509090909091,1
GTF2H2C,728340,22.0855,0.16062181818181817,2
CYP3A7,1551,22.027,0.08009818181818182,1
HAX1,10456,21.924999999999997,0.15945454545454543,2
PRR15L,79170,21.87,0.07952727272727272,1
SETSIP,646817,21.712,0.15790545454545454,2
FGF3,2248,21.609,0.07857818181818182,1
IGDCC3,9543,21.521,0.07825818181818182,1
USP27X,389856,21.52,0.07825454545454545,1
C6orf15,29113,21.4235,0.15580727272727274,2
RGL4,266747,21.339,0.07759636363636363,1
ANKDD1A,348094,21.261,0.07731272727272727,1
FXYD4,53828,21.23,0.0772,1
AAK1,22848,21.189,0.07705090909090909,1
SLC52A2,79581,21.167,0.07697090909090909,1
USP17L4,645402,21.018,0.1528581818181818,2
ASPHD2,57168,20.993499999999997,0.15267999999999998,2
RNF11,26994,20.917,0.07606181818181819,1
BBIP1,92482,20.912,0.1520872727272727,2
GOLGA8O,728047,20.909,0.15206545454545453,2
MSH4,4438,20.885,0.07594545454545455,1
ARID4A,5926,20.832,0.15150545454545455,2
MYLIP,29116,20.801,0.07564,1
RFK,55312,20.5745,0.29926545454545456,4
SPDYE5,442590,20.5405,0.14938545454545454,2
GPR89B,51463,20.5325,0.14932727272727273,2
MGA,23269,20.497,0.07453454545454545,1
NBPF26,101060684,20.4515,0.14873818181818182,2
COA4,51287,20.43,0.07429090909090909,1
RAB36,9609,20.413377777766666,0.22269139393927273,3
SCRIB,23513,20.355,0.14803636363636363,2
KRT25,147183,20.3315,0.14786545454545452,2
HSD17B4,3295,20.314,0.07386909090909091,1
SDF2L1,23753,20.304588888866665,0.22150460606036362,3
GRK3,157,20.299,0.07381454545454545,1
NDRG3,57446,20.2275,0.1471090909090909,2
GFI1,2672,20.171,0.0733490909090909,1
BACH2,60468,20.166,0.07333090909090909,1
REV1,51455,20.124499999999998,0.14636,2
MGARP,84709,20.062,0.07295272727272728,1
LAMC3,10319,20.033466666699997,0.21854690909127272,3
GPR89A,653519,20.025,0.07281818181818181,1
PCBD1,5092,19.99,0.14538181818181817,2
NOXO1,124056,19.965000000000003,0.14520000000000002,2
TMEM208,29100,19.9345,0.1449781818181818,2
UBE2Q2L,100505679,19.91,0.1448,2
PLXDC1,57125,19.8235,0.14417090909090907,2
SLC35A4,113829,19.821,0.07207636363636365,1
CASP8AP2,9994,19.686,0.07158545454545455,1
GOLGA8K,653125,19.6855,0.14316727272727273,2
EHF,26298,19.63,0.07138181818181817,1
ARHGEF11,9826,19.555500000000002,0.1422218181818182,2
PPM1F,9647,19.5459,0.35538,5
LCE1B,353132,19.5385,0.14209818181818182,2
TBC1D30,23329,19.532,0.07102545454545454,1
SOGA1,140710,19.518,0.07097454545454546,1
WFDC2,10406,19.404,0.07056,1
SSH2,85464,19.393,0.07052,1
IRAK4,51135,19.373,0.07044727272727273,1
GOLGA7,51125,19.23,0.06992727272727273,1
PPARG,5468,19.23,0.06992727272727273,1
SIRT7,51547,19.165,0.06969090909090908,1
PIM3,415116,19.105,0.06947272727272727,1
ZNF365,22891,19.101,0.06945818181818182,1
UXS1,80146,19.04733333333333,0.4155781818181818,6
GOLGA6A,342096,19.012999999999998,0.13827636363636361,2
FBXL19,54620,18.7755,0.13654909090909093,2
KRT12,3859,18.763,0.06822909090909092,1
APOBEC4,403314,18.71,0.06803636363636364,1
UBE3A,7337,18.669,0.06788727272727273,1
KLHL22,84861,18.453455555566666,0.20131042424254547,3
SLC7A5,8140,18.43766666666667,0.20113818181818185,3
INPP4B,8821,18.382,0.06684363636363637,1
HNRNPF,3185,18.34266666666667,0.20010181818181824,3
ARPC1B,10095,18.27,0.1993090909090909,3
PDHA1,5160,18.235,0.1326181818181818,2
NRG1,3084,18.178,0.06610181818181818,1
RTKN2,219790,18.045,0.06561818181818183,1
NPBWR2,2832,17.994,0.13086545454545453,2
RCBTB2,1102,17.705,0.06438181818181818,1
SPATA31A5,727905,17.672,0.12852363636363637,2
SMN2,6607,17.473,0.06353818181818181,1
BECN1,8678,17.44325,0.12686,2
GATA6,2627,17.441,0.19026545454545454,3
NANP,140838,17.42,0.06334545454545455,1
GSDMB,55876,17.383499999999998,0.12642545454545454,2
RCN1,5954,17.351,0.06309454545454544,1
MS4A5,64232,17.3335,0.1260618181818182,2
AXIN2,8313,17.326,0.06300363636363636,1
KBTBD4,55709,17.3215,0.12597454545454545,2
AZIN1,51582,17.271,0.12560727272727273,2
KLF3,51274,17.265,0.12556363636363638,2
ZC3H13,23091,17.259,0.12552,2
CCDC116,164592,17.2546666666575,0.25097696969683636,4
THEM6,51337,17.242,0.06269818181818182,1
FLAD1,80308,17.206,0.3754036363636364,6
PIGC,5279,17.145,0.062345454545454544,1
LIMS4,100288695,16.989,0.12355636363636364,2
LRRIQ4,344657,16.93,0.06156363636363636,1
AIFM3,150209,16.7470777778,0.18269539393963638,3
ESRP2,80004,16.611,0.12080727272727274,2
PAK6,56924,16.604,0.06037818181818182,1
ZFPM1,161882,16.57655,0.12055672727272727,2
DDX25,29118,16.52,0.06007272727272727,1
INO80E,283899,16.52,0.06007272727272727,1
SHC4,399694,16.494,0.05997818181818182,1
CASC1,55259,16.4865,0.11990181818181818,2
FAM86B1,85002,16.464,0.11973818181818181,2
RAB14,51552,16.455,0.05983636363636363,1
LMO2,4005,16.45366666665,0.1196630303029091,2
PRNP,5621,16.426,0.059730909090909085,1
SLC2A4RG,56731,16.423,0.059719999999999995,1
FOXA2,3170,16.41,0.05967272727272727,1
ATP8B1,5205,16.391,0.05960363636363636,1
ZNF341,84905,16.355,0.059472727272727274,1
MTR,4548,16.28,0.0592,1
BIRC2,329,16.237,0.05904363636363636,1
SUOX,6821,16.22,0.05898181818181818,1
MYB,4602,16.072788888866665,0.17533951515127272,3
ACOT1,641371,15.981,0.058112727272727274,1
ACRV1,56,15.95,0.057999999999999996,1
CTRC,11330,15.946,0.05798545454545454,1
SNAP29,9342,15.9441,0.11595709090909091,2
SLC25A35,399512,15.8780333333,0.05773830303018181,1
SNAPIN,23557,15.869666666666667,0.1731236363636364,3
GOLGA8J,653073,15.814,0.1150109090909091,2
MAP6D1,79929,15.802,0.05746181818181818,1
AP5Z1,9907,15.8,0.05745454545454546,1
ZBTB9,221504,15.734,0.057214545454545455,1
OAZ1,4946,15.6941,0.05706945454545455,1
ZNF703,80139,15.664,0.05696,1
UAP1,6675,15.66,0.05694545454545455,1
RBBP7,5931,15.579999999999998,0.16996363636363634,3
FGF4,2249,15.456,0.05620363636363636,1
MCCC2,64087,15.448,0.056174545454545456,1
ACP7,390928,15.428,0.05610181818181818,1
SLC26A5,375611,15.355,0.055836363636363635,1
JAK1,3716,15.332,0.05575272727272727,1
ZFAND4,93550,15.3121333333,0.05568048484836364,1
MAMDC4,158056,15.302,0.05564363636363636,1
FAM209A,200232,15.251,0.055458181818181816,1
CHRM5,1133,15.223,0.05535636363636364,1
GDAP1L1,78997,15.22,0.055345454545454545,1
CSNK1A1L,122011,15.14,0.05505454545454545,1
SPN,6693,15.137,0.11008727272727273,2
PLLP,51090,15.119,0.054978181818181815,1
CYP4F12,66002,15.1040333333,0.05492375757563636,1
NR1H3,10062,15.069,0.054796363636363636,1
SPATC1,375686,14.987,0.05449818181818182,1
CERS6,253782,14.953,0.1087490909090909,2
SHC1,6464,14.891066666665001,0.10829866666665455,2
PNPLA2,57104,14.877333333333333,0.1622981818181818,3
SLC44A4,80736,14.7618333333,0.05367939393927273,1
GNAI3,2773,14.747,0.053625454545454546,1
CCNE2,9134,14.686,0.10680727272727272,2
ATP6V0A1,535,14.6654,0.26664363636363636,5
ALDH5A1,7915,14.6,0.05309090909090909,1
TWF2,11344,14.582,0.05302545454545455,1
MYT1L,23040,14.5644666667,0.05296169696981818,1
TATDN1,83940,14.496,0.05271272727272727,1
ARL14,80117,14.465,0.0526,1
LINC01561,404216,14.46,0.05258181818181819,1
GCLM,2730,14.441,0.05251272727272727,1
METTL5,29081,14.42973333335,0.10494351515163637,2
SEC24C,9632,14.344,0.05216,1
VCAN,1462,14.308,0.05202909090909091,1
MBP,4155,14.301,0.05200363636363636,1
PRDM9,56979,14.279,0.051923636363636366,1
CCM2L,140706,14.231,0.05174909090909091,1
KCNK5,8645,14.185,0.05158181818181819,1
G3BP2,9908,14.136,0.05140363636363636,1
IL17F,112744,14.124,0.05136,1
ATG3,64422,14.104,0.10257454545454545,2
TMEM104,54868,14.097,0.05126181818181818,1
WRAP73,49856,14.0537,0.10220872727272727,2
VPS8,23355,14.02,0.05098181818181818,1
CRYBA4,1413,13.986,0.05085818181818182,1
SLC25A32,81034,13.975,0.05081818181818182,1
ACSM2B,348158,13.954,0.05074181818181819,1
SPIRE2,84501,13.935,0.05067272727272727,1
INPPL1,3636,13.9154,0.1012029090909091,2
GGACT,87769,13.9,0.050545454545454546,1
CCNT2,905,13.889,0.05050545454545454,1
OR4X1,390113,13.87,0.05043636363636363,1
POTEH,23784,13.846,0.05034909090909091,1
ZNF70,7621,13.825,0.05027272727272727,1
COL10A1,1300,13.8115,0.10044727272727273,2
ITPR2,3709,13.8,0.05018181818181818,1
SLC16A1,6566,13.7566749999925,0.2000970909089818,4
DDT,1652,13.687,0.04977090909090909,1
ZNRF2,223082,13.613333333333332,0.1485090909090909,3
PEX12,5193,13.6045,0.09894181818181819,2
CERS1,10715,13.564,0.09864727272727272,2
FOXB1,27023,13.4815,0.09804727272727273,2
PCDH7,5099,13.445,0.04889090909090909,1
HESX1,8820,13.443000000000001,0.09776727272727273,2
C6orf47,57827,13.441,0.04887636363636364,1
RAB40A,142684,13.405,0.04874545454545454,1
HNRNPA1,3178,13.356,0.09713454545454546,2
AVL9,23080,13.351,0.04854909090909091,1
CSF1,1435,13.343,0.04852,1
PNPO,55163,13.340633333335,0.09702278787879999,2
ATG13,9776,13.321,0.04844,1
RNF122,79845,13.318,0.04842909090909091,1
SDHAF1,644096,13.31775,0.1937127272727273,4
CFLAR,8837,13.279,0.04828727272727273,1
MYL12A,10627,13.271,0.04825818181818182,1
WDR13,64743,13.259,0.048214545454545454,1
MYO19,80179,13.244,0.04816,1
MAN1A2,10905,13.218,0.04806545454545454,1
HNF1B,6928,13.206,0.09604363636363636,2
ITGB3,3690,13.199733333335,0.09599806060607273,2
CDH24,64403,13.1708,0.04789381818181818,1
EIPR1,7260,13.101500000000001,0.09528363636363638,2
KRT10,3858,13.032,0.04738909090909091,1
SPATA31A3,727830,13.003,0.04728363636363636,1
SSBP3,23648,12.9718,0.04717018181818182,1
CYHR1,50626,12.92,0.04698181818181818,1
PTPRB,5787,12.8995333333,0.04690739393927273,1
ASXL3,80816,12.85,0.04672727272727273,1
LYRM9,201229,12.85,0.04672727272727273,1
CTTN,2017,12.805,0.04656363636363636,1
OOSP2,219990,12.8,0.04654545454545455,1
RITA1,84934,12.799,0.04654181818181818,1
SP3,6670,12.79721111111,0.1396059393939273,3
NBR1,4077,12.79,0.0465090909090909,1
RNF114,55905,12.7695,0.09286909090909092,2
RABEP2,79874,12.762,0.04640727272727273,1
DIS3L,115752,12.722333333333333,0.13878909090909092,3
COLCA1,399948,12.613,0.04586545454545454,1
CHMP1B,57132,12.586,0.045767272727272726,1
PRAME,23532,12.571333333350001,0.091427878788,2
CLIP3,25999,12.5607666667,0.04567551515163636,1
ZFP69B,65243,12.559,0.04566909090909091,1
ZNF160,90338,12.54,0.045599999999999995,1
VPREB3,29802,12.514,0.04550545454545454,1
IDH2,3418,12.495000000000001,0.09087272727272729,2
RNF185,91445,12.461,0.045312727272727275,1
BTBD1,53339,12.44,0.04523636363636364,1
OR6Q1,219952,12.43,0.0452,1
TXNRD2,10587,12.416183333315,0.09029951515138182,2
TOMM34,10953,12.404,0.045105454545454546,1
FAM92B,339145,12.38827777779,0.13514484848498182,3
UBE2V2,7336,12.377,0.04500727272727273,1
PRDM8,56978,12.349,0.04490545454545455,1
TNS4,84951,12.317,0.04478909090909091,1
HSF2,3298,12.2627333333,0.04459175757563636,1
MTF1,4520,12.1665,0.08848363636363636,2
PBX2,5089,12.1357333333,0.04412993939381818,1
FAM83C,128876,12.116,0.044058181818181816,1
OR4N4,283694,12.108,0.044029090909090914,1
FABP4,2167,12.072,0.043898181818181815,1
NCOR1,9611,12.04,0.04378181818181818,1
HSPA13,6782,12.037666666666667,0.13132000000000002,3
TPSD1,23430,12.035,0.043763636363636366,1
GPER1,2852,12.02,0.043709090909090906,1
PACRGL,133015,12.002,0.043643636363636364,1
SLC22A4,6583,11.974,0.04354181818181818,1
DAGLA,747,11.96,0.043490909090909094,1
LYSMD1,388695,11.944,0.043432727272727276,1
ZNF490,57474,11.941,0.043421818181818186,1
MARC2,54996,11.938,0.04341090909090909,1
PRCP,5547,11.93,0.04338181818181818,1
FAM24B,196792,11.897,0.043261818181818186,1
AAMDC,28971,11.885,0.043218181818181815,1
GNPNAT1,64841,11.862277777776669,0.12940666666665457,3
ZXDC,79364,11.825,0.043,1
LY96,23643,11.812,0.04295272727272727,1
CMAS,55907,11.7977,0.04290072727272728,1
OR4M2,390538,11.797,0.04289818181818182,1
WDR76,79968,11.7926666667,0.04288242424254546,1
KIAA0586,9786,11.774,0.04281454545454545,1
RAB18,22931,11.759,0.08552,2
AP3M1,26985,11.755433333335,0.08549406060607273,2
PRR9,574414,11.706,0.042567272727272724,1
CACNA2D2,9254,11.672,0.042443636363636364,1
HNRNPUL1,11100,11.65,0.04236363636363637,1
ZAN,7455,11.62,0.042254545454545454,1
TMA7,51372,11.578752627095,0.16841822003047272,4
KRT14,3861,11.5754,0.042092363636363636,1
DUSP10,11221,11.5754,0.042092363636363636,1
C15orf52,388115,11.574,0.04208727272727273,1
ARHGAP1,392,11.564,0.04205090909090909,1
PLVAP,83483,11.55,0.042,1
HNF4G,3174,11.55,0.042,1
CBWD1,55871,11.547,0.04198909090909091,1
FTO,79068,11.5425,0.08394545454545455,2
INPP5A,3632,11.534333333333334,0.12582909090909092,3
XPO7,23039,11.52,0.04189090909090909,1
WDSUB1,151525,11.5133,0.041866545454545455,1
PTH,5741,11.461,0.041676363636363636,1
NAGS,162417,11.428,0.04155636363636364,1
ATAD2,29028,11.423,0.04153818181818182,1
B3GNT5,84002,11.407,0.04148,1
RNF187,149603,11.401,0.04145818181818182,1
CXCR6,10663,11.3902333333,0.04141903030290909,1
LCA5L,150082,11.34,0.041236363636363634,1
C11orf49,79096,11.326,0.041185454545454546,1
SUMO1,7341,11.298,0.08216727272727273,2
PMEPA1,56937,11.29,0.041054545454545455,1
CDK10,8558,11.272,0.08197818181818183,2
MOS,4342,11.233,0.04084727272727273,1
SLC2A3,6515,11.232,0.04084363636363636,1
METTL12,751071,11.212,0.04077090909090909,1
DCAF11,80344,11.187,0.04068,1
TRIR,79002,11.126,0.12137454545454546,3
LENG9,94059,11.12,0.04043636363636363,1
OR2AG1,144125,11.081,0.04029454545454545,1
PSPC1,55269,11.078,0.08056727272727272,2
OR11H1,81061,11.065,0.04023636363636363,1
TBC1D2B,23102,11.054,0.040196363636363634,1
POU2F1,5451,11.009,0.040032727272727275,1
SLC20A1,6574,10.966362499992501,0.1595107272726182,4
SKOR1,390598,10.95,0.039818181818181815,1
TMCO1,54499,10.922,0.03971636363636364,1
RNF44,22838,10.898,0.039629090909090905,1
LRP5L,91355,10.894,0.03961454545454546,1
STAT5B,6777,10.846583333315,0.07888424242410909,2
SP8,221833,10.822,0.03935272727272727,1
PPIAL4A,653505,10.8175,0.07867272727272728,2
SLC44A3,126969,10.791,0.039240000000000004,1
ALG10,84920,10.733,0.03902909090909091,1
JAGN1,84522,10.71,0.03894545454545455,1
FAM171A2,284069,10.673,0.03881090909090909,1
C11orf21,29125,10.67,0.0388,1
WFDC8,90199,10.649000000000001,0.07744727272727274,2
PSKH1,5681,10.5317666667,0.038297333333454545,1
CCDC134,79879,10.51,0.03821818181818182,1
PYCR2,29920,10.497,0.03817090909090909,1
C5AR1,728,10.48,0.03810909090909091,1
ZHX3,23051,10.466,0.03805818181818182,1
GGA3,23163,10.453588888890001,0.11403915151516367,3
CDKN2A-AS1,51198,10.44,0.03796363636363636,1
SYNJ2,8871,10.4128666667,0.037864969697090904,1
CYP11B1,1584,10.408,0.03784727272727272,1
FAM155A,728215,10.3927,0.03779163636363636,1
SYNCRIP,10492,10.3884583333325,0.15110484848483635,4
E2F2,1870,10.3717,0.07543054545454546,2
OTUD7B,56957,10.364,0.07537454545454546,2
TBPL1,9519,10.3588666667,0.03766860606072727,1
SRGAP2B,647135,10.3555,0.07531272727272727,2
TMEM248,55069,10.34,0.0376,1
VIPAS39,63894,10.33,0.03756363636363636,1
ZFP36,7538,10.312,0.03749818181818182,1
UCP2,7351,10.288,0.03741090909090909,1
AKAP6,9472,10.2797,0.037380727272727274,1
WDR72,256764,10.2710666667,0.03734933333345454,1
OR4F17,81099,10.235,0.03721818181818182,1
KRT19,3880,10.206,0.03711272727272727,1
CLLU1OS,574016,10.206,0.03711272727272727,1
DGAT1,8694,10.192,0.03706181818181818,1
ULK1,8408,10.185,0.03703636363636364,1
TCF4,6925,10.18,0.03701818181818182,1
GALNTL6,442117,10.1456666667,0.03689333333345455,1
GLS,2744,10.1205,0.07360363636363636,2
RFESD,317671,10.115,0.03678181818181818,1
KLK3,354,10.11,0.03676363636363636,1
NOCT,25819,10.086,0.03667636363636364,1
CD72,971,10.08,0.036654545454545454,1
CCDC54,84692,10.079,0.036650909090909095,1
DAGLB,221955,10.0435,0.07304363636363637,2
SEZ6,124925,10.04,0.03650909090909091,1
ADIRF,10974,10.035,0.036490909090909095,1
CDPF1,150383,10.015,0.03641818181818182,1
IFNL1,282618,10.01,0.0364,1
NKD1,85407,10.0,0.03636363636363636,1
CABLES1,91768,9.98,0.036290909090909096,1
C14orf28,122525,9.97,0.036254545454545456,1
TAC1,6863,9.92,0.03607272727272727,1
ANGEL2,90806,9.92,0.03607272727272727,1
CRYBA1,1411,9.892,0.03597090909090909,1
GLMN,11146,9.88,0.03592727272727273,1
PPAN-P2RY11,692312,9.8444168739,0.035797879541454546,1
ABCF3,55324,9.823,0.03572,1
OSBPL9,114883,9.823,0.03572,1
TGFBRAP1,9392,9.819,0.03570545454545455,1
JUP,3728,9.80606666667,0.035658424242436364,1
TAX1BP1,8887,9.802,0.03564363636363636,1
PARP8,79668,9.76176666667,0.035497333333345454,1
KRT27,342574,9.743,0.03542909090909091,1
CRYBB3,1417,9.727,0.03537090909090909,1
ING2,3622,9.626,0.03500363636363636,1
PHPT1,29085,9.626,0.03500363636363636,1
FSCN3,29999,9.624500000000001,0.06999636363636365,2
CCDC6,8030,9.623,0.03499272727272727,1
ADRA2C,152,9.56,0.034763636363636365,1
ERBIN,55914,9.546,0.03471272727272727,1
RWDD3,25950,9.535,0.03467272727272727,1
TSTA3,7264,9.522,0.03462545454545455,1
KMT2B,9757,9.52063333333,0.03462048484847273,1
SLC35B2,347734,9.5145,0.06919636363636364,2
KIAA1671,85379,9.512,0.03458909090909091,1
SLC12A7,10723,9.496,0.06906181818181818,2
ZNF324B,388569,9.46,0.0344,1
TMEM99,147184,9.45466666667,0.034380606060618185,1
SHOX2,6474,9.448,0.034356363636363636,1
ADNP,23394,9.436,0.03431272727272727,1
TMEM257,9142,9.4,0.03418181818181818,1
BOLA2B,654483,9.392,0.03415272727272727,1
FHL2,2274,9.385,0.06825454545454546,2
PAX7,5081,9.37,0.06814545454545454,2
FLOT2,2319,9.37,0.03407272727272727,1
MTFR1,9650,9.352,0.034007272727272726,1
SPECC1,92521,9.35033333333,0.0340012121212,1
MESP1,55897,9.3,0.033818181818181824,1
YBX3,8531,9.288,0.03377454545454545,1
AGPAT2,10555,9.268,0.03370181818181819,1
BCKDHA,593,9.24,0.0336,1
CNOT6,57472,9.24,0.0336,1
PTGR1,22949,9.2216,0.03353309090909091,1
GPRC5A,9052,9.22,0.03352727272727273,1
RYK,6259,9.169,0.03334181818181818,1
TBC1D31,93594,9.16876666665,0.06668193939381818,2
TBX1,6899,9.14928333335,0.06654024242436364,2
CUL5,8065,9.11,0.03312727272727273,1
ZNF141,7700,9.093,0.033065454545454544,1
GCLC,2729,9.0893,0.132208,4
LRIG3,121227,9.053,0.032920000000000005,1
PAPD5,64282,9.0415,0.06575636363636363,2
HOXB9,3219,9.04,0.03287272727272727,1
XKR3,150165,9.022,0.03280727272727273,1
HMGN5,79366,8.99996666667,0.03272715151516364,1
CCNI2,645121,8.989,0.03268727272727273,1
TNRC6B,23112,8.98,0.03265454545454546,1
SLC13A5,284111,8.97,0.032618181818181824,1
CNIH3,149111,8.95943333333,0.03257975757574546,1
S100P,6286,8.91,0.0324,1
MTRNR2L8,100463486,8.91,0.0324,1
SHMT1,6470,8.8935,0.06468,2
FLVCR1,28982,8.87445,0.06454145454545454,2
KLHL6,89857,8.866,0.03224,1
CRYBB2,1415,8.856,0.032203636363636365,1
IQGAP1,8826,8.853,0.03219272727272727,1
IKBKE,9641,8.839,0.03214181818181818,1
VPREB1,7441,8.835,0.032127272727272733,1
TLR3,7098,8.82886666667,0.032104969696981824,1
C1orf54,79630,8.824,0.03208727272727273,1
CABYR,26256,8.8,0.032,1
ADNP2,22850,8.797,0.03198909090909091,1
TRIM49D1,399939,8.754,0.03183272727272727,1
DCTPP1,79077,8.743,0.03179272727272727,1
PYGB,5834,8.7168,0.03169745454545454,1
AFAP1L2,84632,8.688,0.03159272727272727,1
CSNK2A2,1459,8.675,0.03154545454545455,1
THPO,7066,8.66333333333,0.03150303030301818,1
ECI2,10455,8.64456666667,0.031434787878800004,1
FBXO24,26261,8.64456666667,0.031434787878800004,1
SLC13A3,64849,8.632,0.03138909090909091,1
CENPS,378708,8.63,0.031381818181818184,1
NR2F6,2063,8.616,0.06266181818181818,2
GPR142,350383,8.615,0.03132727272727273,1
AP3B1,8546,8.58946666667,0.031234424242436366,1
C8orf86,389649,8.588000000000001,0.06245818181818182,2
F2,2147,8.588,0.031229090909090908,1
LSM1,27257,8.586533333335,0.06244751515152727,2
CCDC121,79635,8.58,0.0624,2
RASGRF2,5924,8.569,0.031160000000000004,1
PCDHGB4,8641,8.5655,0.03114727272727273,1
OR5A1,219982,8.563,0.031138181818181822,1
RILPL1,353116,8.554033333335,0.06221115151516363,2
SLTM,79811,8.538555555566667,0.09314787878800002,3
COL2A1,1280,8.50843333333,0.030939757575745457,1
TCTE1,202500,8.50843333333,0.030939757575745457,1
C5orf22,55322,8.498333333333333,0.09270909090909091,3
KLF17,128209,8.48283333333,0.030846666666654542,1
ABCD1,215,8.48,0.030836363636363637,1
KCNIP3,30818,8.47,0.0308,1
GBA2,57704,8.46,0.030763636363636368,1
FSCN1,6624,8.447,0.030716363636363632,1
NCOA5,57727,8.44,0.030690909090909088,1
NFIX,4784,8.421,0.03062181818181818,1
SCAF8,22828,8.41606666667,0.03060387878789091,1
CORIN,10699,8.38,0.030472727272727276,1
HMCN2,256158,8.368,0.03042909090909091,1
TACC1,6867,8.358,0.06078545454545455,2
BAZ1A,11177,8.33,0.03029090909090909,1
POTEJ,653781,8.3185,0.06049818181818182,2
FOXO1,2308,8.305,0.060399999999999995,2
TANGO2,128989,8.29961666667,0.06036084848487273,2
C1orf116,79098,8.299,0.030178181818181816,1
TXNIP,10628,8.276,0.030094545454545454,1
ERG28,11161,8.267,0.03006181818181818,1
CCDC97,90324,8.23336666667,0.02993951515152727,1
C6orf106,64771,8.229,0.02992363636363636,1
TFEB,7942,8.222,0.029898181818181817,1
LSP1,4046,8.21163333333,0.029860484848472726,1
SLC34A1,6569,8.21,0.029854545454545457,1
UBOX5,22888,8.184,0.029759999999999998,1
MMP16,4325,8.181,0.029749090909090906,1
KIAA0087,9808,8.173,0.05944,2
TPMT,7172,8.166,0.029694545454545456,1
ZFP36L2,678,8.156,0.02965818181818182,1
C1orf21,81563,8.151,0.02964,1
MAP2K6,5608,8.15006666667,0.02963660606061818,1
TCAF1,9747,8.149,0.02963272727272727,1
BTN3A1,11119,8.142,0.029607272727272725,1
PHOSPHO2,493911,8.14,0.0296,1
C1QL1,10882,8.136,0.029585454545454543,1
TMEM62,80021,8.11068333333,0.02949339393938182,1
H1F0,3005,8.11,0.02949090909090909,1
ARIH2,10425,8.1,0.029454545454545452,1
ATG7,10533,8.099,0.02945090909090909,1
LRRC6,23639,8.0825,0.05878181818181818,2
LAT2,7462,8.055,0.02929090909090909,1
NACAD,23148,7.993,0.029065454545454547,1
CNPY4,245812,7.992,0.02906181818181818,1
CYB561,1534,7.97,0.02898181818181818,1
SEZ6L,23544,7.968,0.028974545454545454,1
TPCN2,219931,7.967,0.02897090909090909,1
MAP4K1,11184,7.964,0.028960000000000003,1
SLC9A8,23315,7.935,0.028854545454545452,1
ELMO3,79767,7.92,0.0288,1
C1R,715,7.91,0.028763636363636363,1
DMPK,1760,7.9,0.02872727272727273,1
BPHL,670,7.88506666667,0.02867296969698182,1
IPMK,253430,7.88136666667,0.028659515151527273,1
CPNE7,27132,7.869216666665,0.05723066666665455,2
PRKAR2A,5576,7.785,0.02830909090909091,1
EPS8L3,79574,7.77266666667,0.028264242424254547,1
OSR2,116039,7.764,0.028232727272727274,1
TSGA10,80705,7.752,0.028189090909090907,1
TFAP2D,83741,7.74,0.028145454545454546,1
TSTD1,100131187,7.739,0.02814181818181818,1
IL1RN,3557,7.7,0.028,1
LZTS2,84445,7.693,0.027974545454545453,1
GLYATL1,92292,7.68,0.027927272727272728,1
CTAGE15,441294,7.675,0.027909090909090908,1
MAP4,4134,7.6624,0.027863272727272726,1
BRICD5,283870,7.6085,0.055334545454545456,2
FGFR1OP,11116,7.5803111111099994,0.0826943030302909,3
HIVEP3,59269,7.5733,0.027539272727272725,1
CCDC58,131076,7.57,0.027527272727272727,1
BAZ2A,11176,7.54296666667,0.027428969696981817,1
CBLC,23624,7.53,0.027381818181818184,1
TBATA,219793,7.51063333333,0.02731139393938182,1
CPNE2,221184,7.51,0.027309090909090908,1
C6orf201,404220,7.499,0.02726909090909091,1
NEK8,284086,7.499,0.02726909090909091,1
KRT83,3889,7.486,0.05444363636363636,2
HLA-DQB1,3119,7.48486666667,0.027217696969709094,1
CAPZA2,830,7.455,0.02710909090909091,1
KCTD2,23510,7.442283333335,0.05412569696970909,2
HOXB1,3211,7.429,0.027014545454545454,1
GRAPL,400581,7.429,0.027014545454545454,1
GATA5,140628,7.424,0.026996363636363638,1
UBAP2,55833,7.42,0.026981818181818183,1
BROX,148362,7.4118,0.026952,1
C18orf63,644041,7.40503333333,0.026927393939381816,1
ZNF366,167465,7.40293333333,0.026919757575745454,1
HPS4,89781,7.401816666665001,0.05383139393938182,2
PTEN,5728,7.4017,0.05383054545454546,2
C20orf24,55969,7.394,0.02688727272727273,1
PEX13,5194,7.393,0.026883636363636363,1
OVOL3,728361,7.385,0.026854545454545454,1
FXYD5,53827,7.381,0.02684,1
LY6D,8581,7.35,0.05345454545454545,2
KRT28,162605,7.343,0.02670181818181818,1
DENND1A,57706,7.33696666667,0.02667987878789091,1
IL18,3606,7.275,0.026454545454545456,1
LARP7,51574,7.24955,0.052724,2
NEUROD4,58158,7.245,0.026345454545454547,1
PAK1,5058,7.2302,0.026291636363636364,1
CHST5,23563,7.23,0.026290909090909094,1
C8orf17,100507249,7.217,0.02624363636363636,1
NAPEPLD,222236,7.21,0.026218181818181818,1
ANKMY1,51281,7.2,0.02618181818181818,1
CFC1,55997,7.19,0.026145454545454548,1
OR5J2,282775,7.15,0.026000000000000002,1
ANKS3,124401,7.135,0.025945454545454546,1
GSS,2937,7.134277777776667,0.07782848484847274,3
ESRRA,2101,7.13,0.05185454545454545,2
TMEM63A,9725,7.1239,0.02590509090909091,1
DGKZ,8525,7.117416666665,0.05176303030301818,2
PLEKHA6,22874,7.106,0.02584,1
PWWP2A,114825,7.0815,0.05150181818181818,2
DENND1B,163486,7.075,0.025727272727272727,1
TM4SF1,4071,7.0745000000000005,0.051450909090909096,2
MYO18A,399687,7.04,0.0256,1
TULP2,7288,7.036,0.025585454545454543,1
PEX11G,92960,7.03243333333,0.02557248484847273,1
DESI2,51029,7.02366666667,0.02554060606061818,1
BTD,686,6.99336666667,0.025430424242436363,1
ATXN1,6310,6.99336666667,0.025430424242436363,1
AGPAT1,10554,6.98058333333,0.05076787878785455,2
RIC3,79608,6.976,0.025367272727272728,1
ODC1,4953,6.936,0.025221818181818182,1
LMTK3,114783,6.915,0.025145454545454547,1
DLAT,1737,6.91,0.025127272727272727,1
KIAA0319,9856,6.899,0.02508727272727273,1
APTX,54840,6.89,0.025054545454545454,1
TSPYL2,64061,6.8741,0.024996727272727275,1
PPM1H,57460,6.869,0.024978181818181816,1
AHSG,197,6.867,0.024970909090909092,1
SRSF4,6429,6.86,0.024945454545454545,1
SNAP47,116841,6.84233333333,0.0248812121212,1
ZNF416,55659,6.81,0.024763636363636363,1
ZC3H6,376940,6.80943333333,0.024761575757563638,1
DHRS4,10901,6.798,0.02472,1
ITPRIPL1,150771,6.78563333333,0.02467503030301818,1
KLF10,7071,6.785,0.024672727272727273,1
ATF7IP,55729,6.74,0.02450909090909091,1
NPR3,4883,6.733,0.024483636363636364,1
CASP9,842,6.727,0.024461818181818182,1
ZXDB,158586,6.717,0.024425454545454545,1
COLCA2,120376,6.713191666665,0.0488232121212,2
KRTAP4-7,100132476,6.713,0.02441090909090909,1
MPV17L,255027,6.711,0.04880727272727273,2
FAM71E2,284418,6.71,0.0244,1
PKLR,5313,6.706,0.024385454545454547,1
CCDC88B,283234,6.701,0.024367272727272727,1
HEXB,3074,6.689,0.024323636363636363,1
PIK3AP1,118788,6.68675,0.024315454545454546,1
TOR4A,54863,6.68675,0.024315454545454546,1
E2F7,144455,6.672,0.02426181818181818,1
ZNF347,84671,6.665,0.024236363636363636,1
CCPG1,9236,6.662,0.024225454545454547,1
EFHD2,79180,6.654,0.024196363636363637,1
TREML2,79865,6.648,0.024174545454545452,1
SERPINA4,5267,6.63826666667,0.024139151515163635,1
ABCB9,23457,6.63826666667,0.024139151515163635,1
PLIN2,123,6.62,0.024072727272727273,1
DENND4B,9909,6.62,0.024072727272727273,1
LTA,4049,6.61,0.024036363636363637,1
FAM89A,375061,6.599,0.02399636363636364,1
MAST3,23031,6.584,0.023941818181818182,1
GREB1L,80000,6.58,0.023927272727272728,1
FABP12,646486,6.551,0.023821818181818184,1
ARHGAP23,57636,6.545,0.023799999999999998,1
IL2RB,3560,6.508,0.023665454545454545,1
PITPNC1,26207,6.5068,0.02366109090909091,1
TRIP12,9320,6.5068,0.02366109090909091,1
WDR81,124997,6.50193333333,0.023643393939381818,1
VRTN,55237,6.497,0.023625454545454547,1
FGF18,8817,6.477,0.023552727272727274,1
TUBB3,10381,6.476,0.02354909090909091,1
PRSS16,10279,6.47123333333,0.023531757575745455,1
KLHL29,114818,6.468,0.02352,1
NOBOX,135935,6.463,0.023501818181818183,1
APBB1IP,54518,6.43996666667,0.023418060606072728,1
EGLN2,112398,6.40803333333,0.02330193939392727,1
SHKBP1,92799,6.394,0.023250909090909093,1
SP4,6671,6.39,0.023236363636363635,1
UGGT1,56886,6.39,0.023236363636363635,1
NEU1,4758,6.3874,0.023226909090909093,1
MRO,83876,6.38455,0.04643309090909091,2
ALDH3A1,218,6.3815,0.04641090909090909,2
GPR179,440435,6.372,0.02317090909090909,1
LZTR1,8216,6.351,0.023094545454545454,1
SMPD4,55627,6.349,0.023087272727272727,1
PTGDR,5729,6.344,0.02306909090909091,1
CPNE6,9362,6.324,0.022996363636363634,1
CLDN11,5010,6.317,0.02297090909090909,1
TMEM108,66000,6.316,0.022967272727272725,1
REP15,387849,6.31383333333,0.022959393939381817,1
PCDHA13,56136,6.309,0.02294181818181818,1
C14orf93,60686,6.3017,0.02291527272727273,1
DOCK6,57572,6.2917,0.04575781818181818,2
CALM2,805,6.28,0.022836363636363637,1
TMEM35A,59353,6.27916666667,0.022833333333345456,1
RGS17,26575,6.278,0.022829090909090907,1
WDPCP,51057,6.27145,0.022805272727272726,1
SNX27,81609,6.2641,0.022778545454545454,1
MAG,4099,6.248,0.02272,1
LNX1,84708,6.248,0.02272,1
PTGDR2,11251,6.239,0.022687272727272726,1
METAP1D,254042,6.22483333333,0.022635757575745454,1
BIN1,274,6.21,0.022581818181818182,1
FAM221A,340277,6.204,0.02256,1
TMEM94,9772,6.20276666667,0.02255551515152727,1
NTRK1,4914,6.2,0.022545454545454546,1
CNGB1,1258,6.196,0.02253090909090909,1
ATXN7,6314,6.189,0.022505454545454547,1
OTOP2,92736,6.185,0.02249090909090909,1
PRR34,55267,6.182,0.02248,1
MOGAT3,346606,6.179,0.02246909090909091,1
CAPN1,823,6.177,0.02246181818181818,1
COPZ2,51226,6.17,0.022436363636363636,1
CANX,821,6.16266666667,0.02240969696970909,1
DNAJC16,23341,6.16266666667,0.02240969696970909,1
LAMA5,3911,6.162,0.022407272727272727,1
BLID,414899,6.156,0.022385454545454545,1
ZNF646,9726,6.155,0.022381818181818183,1
CSRNP1,64651,6.1519,0.022370545454545455,1
TXLNG,55787,6.1519,0.022370545454545455,1
ARMCX1,51309,6.15,0.022363636363636363,1
TNFSF4,7292,6.139,0.022323636363636365,1
DEDD,9191,6.12995,0.02229072727272727,1
TMEM65,157378,6.126,0.02227636363636364,1
GABPB2,126626,6.117,0.022243636363636365,1
VTI1A,143187,6.1,0.02218181818181818,1
JMJD1C,221037,6.078,0.022101818181818184,1
TEX22,647310,6.045,0.021981818181818182,1
TXNRD3NB,645840,6.04,0.021963636363636362,1
OR14A16,284532,6.04,0.021963636363636362,1
UBXN11,91544,6.04,0.021963636363636362,1
SPATA45,149643,6.038,0.02195636363636364,1
UCKL1,54963,6.02765,0.021918727272727274,1
GPR84,53831,6.025,0.02190909090909091,1
USF2,7392,6.022,0.02189818181818182,1
TMC8,147138,6.011,0.02185818181818182,1
PUS10,150962,5.9974,0.02180872727272727,1
RMDN3,55177,5.982,0.021752727272727274,1
LRRC24,441381,5.98,0.021745454545454547,1
GP6,51206,5.98,0.021745454545454547,1
SGK2,10110,5.972,0.021716363636363638,1
KAT6B,23522,5.9657,0.021693454545454547,1
SEC14L3,266629,5.961,0.021676363636363636,1
SULT1C4,27233,5.96,0.021672727272727274,1
PSORS1C1,170679,5.95633333333,0.021659393939381818,1
CEP68,23177,5.95633333333,0.021659393939381818,1
C1QTNF9B,387911,5.944,0.021614545454545456,1
RSPH14,27156,5.942,0.02160727272727273,1
OR4D11,219986,5.93,0.02156363636363636,1
OR9Q2,219957,5.93,0.02156363636363636,1
C9orf135,138255,5.902,0.021461818181818183,1
CNOT10,25904,5.895,0.021436363636363635,1
ALG1L,200810,5.88473051556,0.02139902005658182,1
RFXANK,8625,5.87223333333,0.021353575757563636,1
SYT10,341359,5.8631,0.021320363636363637,1
TRAF3IP2,10758,5.8631,0.021320363636363637,1
ARL14EP,120534,5.84,0.021236363636363637,1
CFHR4,10877,5.838,0.02122909090909091,1
CYP21A2,1589,5.825,0.021181818181818184,1
HCN2,610,5.824,0.021178181818181818,1
NKAIN1,79570,5.814,0.021141818181818182,1
SGPP1,81537,5.8074,0.021117818181818182,1
CTAGE4,100128553,5.805,0.021109090909090907,1
HIVEP2,3097,5.79776666667,0.0210827878788,1
OR6C68,403284,5.791,0.02105818181818182,1
PDXK,8566,5.76896666667,0.020978060606072726,1
AMFR,267,5.759,0.020941818181818183,1
ZIM2,23619,5.741,0.020876363636363634,1
LTBP4,8425,5.739,0.02086909090909091,1
CELF3,11189,5.733,0.020847272727272725,1
GJB2,2706,5.732,0.020843636363636363,1
SYNGAP1,8831,5.725,0.020818181818181816,1
PEX19,5824,5.714,0.02077818181818182,1
RGPD5,84220,5.705,0.020745454545454546,1
HIF1AN,55662,5.7,0.02072727272727273,1
SUPT7L,9913,5.69895,0.04144690909090909,2
UPK1A,11045,5.69266666667,0.02070060606061818,1
ASPG,374569,5.688,0.020683636363636362,1
ACTG2,72,5.67426666667,0.02063369696970909,1
RAB3A,5864,5.67,0.020618181818181817,1
ORMDL2,29095,5.662,0.020589090909090908,1
BTBD8,284697,5.658,0.020574545454545456,1
OR4Q3,441669,5.637,0.020498181818181818,1
EMC10,284361,5.62,0.020436363636363638,1
CEBPD,1052,5.618,0.02042909090909091,1
TMEM263,90488,5.6,0.02036363636363636,1
PLCB3,5331,5.59043333333,0.020328848484836362,1
ADIPOR2,79602,5.59043333333,0.020328848484836362,1
RFPL2,10739,5.571,0.020258181818181818,1
LRP12,29967,5.565,0.02023636363636364,1
CIDEA,1149,5.56423333333,0.020233575757563637,1
F3,2152,5.533,0.020120000000000002,1
RNF224,643596,5.524,0.020087272727272728,1
COMMD4,54939,5.523,0.040167272727272725,2
DIP2B,57609,5.523,0.020083636363636363,1
NBPF6,653149,5.523,0.020083636363636363,1
RUBCN,9711,5.5,0.02,1
BLOC1S3,388552,5.489,0.01996,1
SLC25A52,147407,5.47,0.01989090909090909,1
KRTAP10-1,386677,5.469,0.01988727272727273,1
STAT6,6778,5.46765,0.03976472727272727,2
TMEM164,84187,5.45083333333,0.019821212121200003,1
FETUB,26998,5.447,0.01980727272727273,1
ANKRD7,56311,5.44086666667,0.01978496969698182,1
SLC35C2,51006,5.4383,0.019775636363636363,1
FRMPD2,143162,5.4383,0.019775636363636363,1
SLC6A7,6534,5.435,0.01976363636363636,1
MXI1,4601,5.43,0.019745454545454545,1
SNX14,57231,5.42676666667,0.01973369696970909,1
DEF6,50619,5.40523333333,0.01965539393938182,1
WIPF3,644150,5.39406666667,0.0196147878788,1
FBXO48,554251,5.387,0.019589090909090907,1
GPC5,2262,5.382,0.01957090909090909,1
RTP3,83597,5.38,0.019563636363636363,1
TMEM55B,90809,5.3782,0.01955709090909091,1
PLGRKT,55848,5.3782,0.01955709090909091,1
OR7A5,26659,5.365,0.01950909090909091,1
LIN28A,79727,5.363,0.019501818181818183,1
MYO1A,4640,5.36023333333,0.019491757575745453,1
AEN,64782,5.35,0.019454545454545454,1
SPIN1,10927,5.33846666667,0.01941260606061818,1
SLC36A4,120103,5.338,0.01941090909090909,1
ANKRD13D,338692,5.329,0.01937818181818182,1
PLD3,23646,5.31916666667,0.019342424242436363,1
DLL1,28514,5.31916666667,0.019342424242436363,1
AOC3,8639,5.308,0.01930181818181818,1
TAPBPL,55080,5.291,0.01924,1
ZNF140,7699,5.255,0.01910909090909091,1
METTL11B,149281,5.25,0.019090909090909092,1
CD22,933,5.24716666667,0.01908060606061818,1
MYH14,79784,5.24623362648,0.019077213187199998,1
NANOG,79923,5.24366666667,0.01906787878789091,1
MYO7A,4647,5.24366666667,0.01906787878789091,1
CRISP1,167,5.233,0.01902909090909091,1
DEFB129,140881,5.228,0.01901090909090909,1
RAB37,326624,5.222,0.01898909090909091,1
ARFGEF2,10564,5.221,0.018985454545454545,1
DHRS13,147015,5.22,0.01898181818181818,1
TMEM39B,55116,5.219,0.018978181818181818,1
MC4R,4160,5.217,0.01897090909090909,1
IFITM5,387733,5.21,0.018945454545454547,1
MRAS,22808,5.201,0.018912727272727272,1
KCNK15,60598,5.2,0.01890909090909091,1
COL28A1,340267,5.199,0.018905454545454545,1
AIMP2,7965,5.198,0.018901818181818183,1
POTEM,641455,5.19669967687,0.018897089734072725,1
CREG1,8804,5.192,0.01888,1
SDC1,6382,5.18,0.018836363636363634,1
MYCL,4610,5.18,0.018836363636363634,1
DEPDC1B,55789,5.174,0.018814545454545455,1
LRRC8B,23507,5.163,0.018774545454545457,1
KIAA1614,57710,5.16196666667,0.0187707878788,1
HBZ,3050,5.159,0.01876,1
TEX46,729059,5.1561,0.01874945454545455,1
CLTCL1,8218,5.1561,0.01874945454545455,1
ADAMTS14,140766,5.14216666667,0.0186987878788,1
MOV10,4343,5.14216666667,0.0186987878788,1
DHRS1,115817,5.11,0.018581818181818182,1
MROH1,727957,5.098,0.018538181818181818,1
STARD4,134429,5.093,0.01852,1
PRAMEF6,440561,5.0613326555,0.01840484602,1
HOXA5,3202,5.059,0.018396363636363638,1
C11orf53,341032,5.05323333333,0.018375393939381816,1
PON3,5446,5.044,0.01834181818181818,1
RNF34,80196,5.03626666667,0.018313696969709088,1
CEACAM5,1048,5.03626666667,0.018313696969709088,1
EOGT,285203,5.03626666667,0.018313696969709088,1
GBP5,115362,5.031,0.018294545454545452,1
TRIM27,5987,5.02733333333,0.0182812121212,1
GCM1,8521,5.01,0.018218181818181817,1
RASA4,10156,5.00259953568,0.018191271038836363,1
OR2H1,26716,5.0,0.01818181818181818,1
